Name,Term,ES,NES,NOM p-val,FDR q-val,FWER p-val,Tag %,Gene %,Lead_genes
prerank,Cellular Respiration (GO:0045333),-0.6495180194857578,-2.5874633106218834,0.0,0.0,0.0,54/83,21.74%,NR4A3;MTFR2;NDUFA7;NDUFC2;NDUFAB1;CHCHD5;NDUFS6;ETFRF1;NDUFS4;NDUFA5;NDUFS1;COX6C;NDUFB5;UQCRFS1;SDHAF4;NDUFC1;NDUFS5;NDUFA2;NDUFA13;COX5A;NDUFA9;NDUFB1;UQCR10;MDH2;ETFB;LYRM7;COX7B;NDUFA6;COX7A2;UQCRH;PPARGC1A;UQCRC1;COX15;UQCRC2;COX8A;SDHB;COX4I1;OXA1L;COX6B1;NDUFV1;NDUFB6;UQCRQ;NDUFV3;NDUFB7;UQCRB;CYCS;BLOC1S1;NDUFA1;NDUFA11;NDUFV2;SURF1;ETFA;ME3;NDUFS3
prerank,Lymphocyte Chemotaxis (GO:0048247),-0.8224323026175512,-2.42166994616593,0.0,0.0,0.0,9/22,3.41%,CCL4L1;CXCL11;CCL3;CCL19;CXCL10;CCL2;CH25H;CCL4;CCL3L1
prerank,Cytoplasmic Translation (GO:0002181),-0.6066537261366235,-2.390633867372887,0.0,0.0,0.0,73/88,35.64%,RPL15;RPL22L1;RPL12;EIF2B3;RPL41;SARS1;RPL5;RPS20;RPS17;EIF3M;EIF4A1;RPL35;RPL27;RPL9;RPS24;RPL11;RPS10;RPL32;RPL36AL;RPL28;UBA52;RPL27A;FAU;RPL8;RPL22;RPS4X;RPL37;RPL29;RPS27A;RPL36;RPS14;RPS8;RPSA;RPL24;RPL3;RPS13;EIF4A2;RPL19;RPS2;RPL13A;RPL37A;RPS25;RPL10A;RPL4;ETF1;RPL30;RPL7;RWDD1;RPS6;RPL35A;RPS29;ZC3H15;RPL18A;RPS11;MRPS12;RPL10;RPS19;RPL21;RPS9;RPL26;RPS15A;RPL13;FTSJ1;RPL39;RPL34;EIF3I;RPL7A;RPL38;RPS16;RPL6;RPL26L1;RPS3;RPS27
prerank,Proton Motive Force-Driven ATP Synthesis (GO:0015986),-0.6524728548583484,-2.39035543382599,0.0,0.0,0.0,48/58,30.08%,NDUFA7;ATP5MC3;NDUFC2;ATP5F1E;NDUFAB1;NDUFS6;ATP5ME;NDUFS4;NDUFA5;NDUFS1;ATP5F1C;NDUFB5;ATP5MJ;NDUFC1;ATP5MG;ATP5PD;NDUFS5;NDUFA2;ATP5PB;NDUFA13;NDUFA9;ATP5MK;NDUFB1;ATP5PF;NDUFA6;ATP5F1B;ATP5MC1;SDHB;NDUFV1;NDUFB6;NDUFV3;ATP5PO;NDUFB7;ATP5MF;NDUFA1;NDUFA11;NDUFV2;ATP5MC2;NDUFS3;SDHA;NDUFB3;SDHD;NDUFS8;NDUFB9;NDUFA3;NDUFB11;NDUFA10;NDUFA12
prerank,Proton Motive Force-Driven Mitochondrial ATP Synthesis (GO:0042776),-0.6562768423314014,-2.3630396449070457,0.0,0.0,0.0,43/52,30.08%,NDUFA7;NDUFC2;ATP5F1E;NDUFAB1;NDUFS6;ATP5ME;NDUFS4;NDUFA5;NDUFS1;ATP5F1C;NDUFB5;NDUFC1;ATP5MG;ATP5PD;NDUFS5;NDUFA2;ATP5PB;NDUFA13;NDUFA9;NDUFB1;ATP5PF;NDUFA6;ATP5F1B;SDHB;NDUFV1;NDUFB6;NDUFV3;ATP5PO;NDUFB7;ATP5MF;NDUFA1;NDUFA11;NDUFV2;NDUFS3;SDHA;NDUFB3;SDHD;NDUFS8;NDUFB9;NDUFA3;NDUFB11;NDUFA10;NDUFA12
prerank,Aerobic Electron Transport Chain (GO:0019646),-0.6183147594911194,-2.3352780520964793,0.0,0.0,0.0,50/65,30.13%,NDUFA7;NDUFC2;NDUFAB1;NDUFS6;NDUFS4;NDUFA5;NDUFS1;COX6C;NDUFB5;UQCRFS1;NDUFC1;NDUFS5;NDUFA2;COX5A;NDUFA9;NDUFB1;UQCR10;UQCRHL;COX7B;NDUFA6;COX7A2;UQCRH;UQCRC1;COX15;UQCRC2;COX8A;SDHB;COX4I1;COX6B1;NDUFV1;NDUFB6;UQCRQ;NDUFV3;NDUFB7;UQCRB;CYCS;NDUFA1;NDUFV2;NDUFS3;UQCC3;SDHA;NDUFB3;UQCR11;SDHD;NDUFS8;NDUFB9;NDUFA3;NDUFAF1;NDUFA10;COX5B
prerank,Translation (GO:0006412),-0.5166995330093331,-2.332853189578939,0.0,0.0,0.0,131/214,30.75%,WARS1;MRPS16;RPS4Y1;MRPL55;NDUFA7;MRPS30;RPL15;FARSB;RPL22L1;MRPS23;MRPL30;RPL12;MRPL1;RPL41;SARS1;MRPL28;RPL5;MRPS28;RPS20;RPS17;MRPS18A;WARS2;MRPL13;HBS1L;MRPS9;RPL35;MRPL47;RPL27;MRPL24;RPL9;RPS24;MRPL17;MRPS18B;MRPL14;EIF5A2;RPL11;RPS10;RPL32;EEF1B2;MRPL58;FASTKD2;NARS1;MRPS17;RPL36AL;MRPL40;MRPL22;MRPS21;RPL28;MRPL54;UBA52;MRPL57;MRPL2;RPL27A;FAU;RARS2;APEH;MRPS33;MRPL12;MRPL9;TUFM;MRPL20;RPL8;MRPL53;RPL22;GARS1;SRBD1;RPS4X;MRPS7;RPL37;ABCE1;RPL29;RPS27A;MRPS10;RPL36;QARS1;RPS14;RPS8;MRPS27;RARS1;RPSA;RPL24;RPL3;RPS13;MRPS25;RPL19;MRPS22;RPS2;FARS2;RPL13A;RPL37A;MRPL50;RPS25;EEF1G;RPL10A;RPL4;DRG1;ETF1;RPL30;TSFM;RPL7;RWDD1;RPS6;RPL35A;MRPL52;RPS29;ZC3H15;MRPL51;RPL18A;MRPL42;MRPL39;MRPL21;COPS5;RPS11;MRPS12;RPL10;MRPS11;RPS19;MRPL45;MRPS24;RPL21;GATB;IARS1;EIF5A;RPS9;RPL26;RPS15A;RPL13;FTSJ1;RPL39;RPL34;MRPL11
prerank,Oxidative Phosphorylation (GO:0006119),-0.6353935347049222,-2.3259369484344585,0.0,0.0,0.0,47/59,30.08%,NDUFA7;NDUFC2;ATP5F1E;NDUFAB1;NDUFS6;ATP5ME;NDUFS4;NDUFA5;NDUFS1;ATP5F1C;NDUFB5;NDUFC1;ATP5MG;ATP5PD;NDUFS5;NDUFA2;ATP5PB;NDUFA13;NDUFA9;NDUFB1;ATP5PF;NDUFA6;UQCRH;ATP5F1B;UQCRC1;UQCRC2;SDHB;NDUFV1;NDUFB6;NDUFV3;ATP5PO;NDUFB7;ATP5MF;UQCRB;NDUFA1;NDUFA11;NDUFV2;NDUFS3;SDHA;NDUFB3;SDHD;NDUFS8;NDUFB9;NDUFA3;NDUFB11;NDUFA10;NDUFA12
prerank,Mitochondrial ATP Synthesis Coupled Electron Transport (GO:0042775),-0.6093203916548959,-2.324094977582177,0.0,0.0,0.0,51/67,30.13%,NDUFA7;NDUFC2;NDUFAB1;NDUFS6;NDUFS4;NDUFA5;NDUFS1;COX6C;NDUFB5;UQCRFS1;NDUFC1;NDUFS5;NDUFA2;COX5A;NDUFA9;NDUFB1;UQCR10;UQCRHL;COX7B;NDUFA6;COX7A2;UQCRH;UQCRC1;COX15;UQCRC2;COX8A;SDHB;COX4I1;COX6B1;NDUFV1;NDUFB6;UQCRQ;NDUFV3;NDUFB7;UQCRB;CYCS;NDUFA1;NDUFV2;NDUFS3;UQCC3;SDHA;NDUFB3;UQCR11;SDHD;NDUFS8;NDUFB9;NDUFA3;NDUFAF1;NDUFA10;NDUFA12;COX5B
prerank,Mitochondrial Respiratory Chain Complex Assembly (GO:0033108),-0.5858835637615188,-2.3231131133456784,0.0,0.0,0.0,60/89,29.76%,CHCHD7;TTC19;NDUFC2;SDHAF1;DMAC1;NDUFAB1;UQCC6;COX18;NDUFAF5;SDHAF3;NDUFS4;NDUFA5;NDUFS1;NDUFAF6;UQCC5;COA3;NDUFB5;UQCRFS1;SDHAF4;NDUFC1;NDUFS5;NDUFA2;NDUFA13;NDUFA9;NDUFB1;LYRM7;NDUFA6;COA1;UQCC4;SAMM50;COX16;PET117;OXA1L;NDUFB6;NUBPL;TMEM223;PET100;NDUFB7;NDUFA1;NDUFA11;SCO1;COX19;SURF1;COA8;NDUFAF4;NDUFS3;COX17;UQCC3;LYRM2;NDUFB3;AIFM1;NDUFS8;NDUFAF8;NDUFB9;COX14;NDUFA3;NDUFAF1;NDUFB11;SLC25A33;NDUFA10
prerank,Chemokine-Mediated Signaling Pathway (GO:0070098),-0.6981489626908574,-2.257839428937098,0.0,0.0,0.0,11/34,3.41%,CCL4L1;CXCL11;CXCL9;CCL3;CCL19;CXCL10;CCL2;CXCL2;CXCL5;CCL4;CCL3L1
prerank,Aerobic Respiration (GO:0009060),-0.605140933874672,-2.2471568914158335,0.0,0.00014355589686114166,0.002,41/57,30.08%,MTFR2;NDUFA7;NDUFC2;NDUFAB1;NDUFS6;NDUFS4;NDUFA5;NDUFS1;NDUFB5;NDUFC1;NDUFS5;NDUFA2;NDUFA13;NDUFA9;NDUFB1;MDH2;NDUFA6;UQCRH;UQCRC1;UQCRC2;SDHB;OXA1L;NDUFV1;NDUFB6;NDUFV3;NDUFB7;UQCRB;BLOC1S1;NDUFA1;NDUFA11;NDUFV2;SURF1;ME3;NDUFS3;NDUFB3;NDUFS8;NDUFB9;NDUFA3;NDUFB11;NDUFA10;NDUFA12
prerank,Cellular Response To Chemokine (GO:1990869),-0.6769827666347898,-2.2299342209218795,0.0,0.00026502627112826157,0.004,11/35,3.41%,CCL4L1;CXCL11;CXCL9;CCL3;CCL19;CXCL10;CCL2;CXCL2;CXCL5;CCL4;CCL3L1
prerank,Lymphocyte Migration (GO:0072676),-0.7756166910593346,-2.151021042462359,0.004048582995951417,0.002091814497119493,0.032,9/18,7.59%,CCL4L1;CCL3;CCL19;MYO1G;CCL2;CCL4;CCL3L1;CRTAM;CCL5
prerank,"Mitochondrial Electron Transport, NADH To Ubiquinone (GO:0006120)",-0.6533786317858742,-2.1476581223805433,0.0,0.0021820496322893534,0.036,26/33,29.76%,NDUFA7;NDUFC2;NDUFAB1;NDUFS6;NDUFS4;NDUFA5;NDUFS1;NDUFB5;NDUFC1;NDUFS5;NDUFA2;NDUFA9;NDUFB1;NDUFA6;NDUFV1;NDUFB6;NDUFV3;NDUFB7;NDUFV2;NDUFS3;NDUFB3;NDUFS8;NDUFB9;NDUFA3;NDUFAF1;NDUFA10
prerank,NADH Dehydrogenase Complex Assembly (GO:0010257),-0.5865113615737796,-2.0998545079543143,0.0,0.004053342970196942,0.074,34/53,29.76%,NDUFC2;DMAC1;NDUFAB1;NDUFAF5;NDUFS4;NDUFA5;NDUFS1;NDUFAF6;NDUFB5;NDUFC1;NDUFS5;NDUFA2;NDUFA13;NDUFA9;NDUFB1;NDUFA6;COA1;OXA1L;NDUFB6;NUBPL;NDUFB7;NDUFA1;NDUFA11;NDUFAF4;NDUFS3;LYRM2;NDUFB3;NDUFS8;NDUFAF8;NDUFB9;NDUFA3;NDUFAF1;NDUFB11;NDUFA10
prerank,Mitochondrial Respiratory Chain Complex I Assembly (GO:0032981),-0.5865113615737796,-2.0998545079543143,0.0,0.004053342970196942,0.074,34/53,29.76%,NDUFC2;DMAC1;NDUFAB1;NDUFAF5;NDUFS4;NDUFA5;NDUFS1;NDUFAF6;NDUFB5;NDUFC1;NDUFS5;NDUFA2;NDUFA13;NDUFA9;NDUFB1;NDUFA6;COA1;OXA1L;NDUFB6;NUBPL;NDUFB7;NDUFA1;NDUFA11;NDUFAF4;NDUFS3;LYRM2;NDUFB3;NDUFS8;NDUFAF8;NDUFB9;NDUFA3;NDUFAF1;NDUFB11;NDUFA10
prerank,Peptide Biosynthetic Process (GO:0043043),-0.48572496977473034,-2.085918943506746,0.0,0.004689492630797295,0.088,83/138,30.75%,PCSK1;WARS1;MRPS16;RPS4Y1;MRPL55;RPL15;FARSB;CARNS1;RPL12;RPL41;SARS1;MRPL28;RPL5;RPS20;RPS17;MRPS18A;MRPL13;HBS1L;RPL35;RPL27;MRPL24;RPL9;RPS24;MRPS18B;MRPL14;GGT5;RPL11;RPS10;RPL32;MRPS17;RPL36AL;MRPS21;RPL28;RPL27A;FAU;MRPS33;MRPL12;MRPL9;RPL8;RPL22;SRBD1;RPS4X;MRPS7;RPL37;RPL29;RPS27A;RPL36;RPS14;RPS8;RPSA;RPL24;RPL3;RPS13;RPL19;RPS2;RPL13A;RPL37A;RPS25;RPL10A;RPL4;RPL30;RPL7;RPS6;RPL35A;MRPL52;RPS29;MRPL51;RPL18A;MRPL42;COPS5;RPS11;MRPS12;RPL10;MRPS11;RPS19;RPL21;RPS9;RPL26;RPS15A;RPL13;RPL39;RPL34;MRPL11
prerank,Macromolecule Biosynthetic Process (GO:0009059),-0.47212879390658924,-2.067153499793203,0.0,0.006618682402650531,0.124,97/165,30.75%,INHBA;WARS1;SLC11A1;MRPS16;RPS4Y1;MRPL55;RPL15;FARSB;INHA;TYMS;RPL12;GCNT1;B4GAT1;RPL41;SARS1;MRPL28;ALAS1;RPL5;RPS20;RPS17;MRPS18A;MRPL13;HBS1L;RPL35;RPL27;MRPL24;RPL9;RPS24;MRPS18B;MRPL14;EIF5A2;RPL11;RPS10;RPL32;EEF1B2;MRPS17;RPL36AL;MRPS21;RPL28;RPL27A;FAU;MRPS33;MRPL12;MRPL9;EXT1;TUFM;RPL8;RPL22;SRBD1;RPS4X;MRPS7;RPL37;RPL29;RPS27A;RPL36;RPS14;RPS8;RPSA;RPL24;RPL3;RPS13;RPL19;RPS2;RPL13A;RPL37A;RPS25;EEF1G;RPL10A;RPL4;ALAS2;RPL30;TSFM;RPL7;RPS6;RPL35A;B4GALT5;MRPL52;RPS29;MRPL51;RPL18A;MRPL42;LARGE1;COPS5;RPS11;MRPS12;RPL10;MRPS11;RPS19;RPL21;EIF5A;RPS9;RPL26;RPS15A;RPL13;RPL39;RPL34;MRPL11
prerank,Bicellular Tight Junction Assembly (GO:0070830),0.6123286514549076,2.0622814644644683,0.0,0.0999310027598896,0.078,13/36,10.04%,CLDN18;CLDN9;CLDN15;OCLN;MARVELD2;CLDN7;CLDN10;MARVELD3;GRHL2;MICALL2;CLDN1;PARD3;APC
prerank,ATP Biosynthetic Process (GO:0006754),-0.6847034073688412,-2.0261825154503468,0.0,0.011628027645752475,0.206,19/23,21.52%,ATP5MC3;ATP5F1E;ATP5ME;NUDT2;ATP5F1A;ATP5F1C;ATP5MJ;ATP5MG;ATP5PD;ATP5PB;ATP5MK;ATP5PF;ATP5F1B;ATP5MC1;ATP5PO;ATP5MF;PRKAG2;ALDOA;ATP5MC2
prerank,Tight Junction Assembly (GO:0120192),0.5844599268678541,2.019580282079602,0.0,0.09652426402943881,0.142,15/40,13.48%,CLDN18;CLDN9;CLDN15;OCLN;MARVELD2;CLDN7;CLDN10;MARVELD3;GRHL2;MICALL2;CLDN1;PARD3;APC;MPDZ;ESAM
prerank,Monocyte Chemotaxis (GO:0002548),-0.6982998418520692,-2.018049711227692,0.0,0.012468855041653449,0.22,10/20,8.51%,CCL4L1;CCL3;CCL19;CCL2;CCL4;CCL3L1;LGALS3;PTPRO;CCL5;IL6
prerank,Energy Derivation By Oxidation Of Organic Compounds (GO:0015980),-0.5936274766166825,-2.0147837192934657,0.003968253968253968,0.012528514635154182,0.232,23/38,18.73%,NR4A3;ADRB3;CHCHD5;NDUFS4;NDUFS1;COX6C;SDHAF4;COX5A;UQCR10;LYRM7;COX7B;COX7A2;UQCRH;PPARGC1A;UQCRC1;COX15;UQCRC2;COX8A;COX4I1;COX6B1;UQCRQ;UQCRB;CYCS
prerank,Respiratory Chain Complex IV Assembly (GO:0008535),-0.6697079763534882,-2.009293618422031,0.0,0.012807682624307076,0.246,17/25,21.86%,UQCC6;COX18;UQCC5;COA3;SLC25A46;COA1;COX15;COX16;PET117;TMEM223;COX10;PET100;SCO1;COX19;SURF1;COA8;COX17
prerank,Regulation Of DNA Biosynthetic Process (GO:2000278),0.6219587198696818,2.008555509354226,0.0,0.06964888071143821,0.156,13/29,15.88%,HGF;FGFR4;JADE3;PDGFRB;HMBOX1;ATM;JADE2;SMG5;RGCC;DACH1;ING5;NIBAN2;PRKD2
prerank,Embryonic Limb Morphogenesis (GO:0030326),0.6247894605349931,2.0009403091172233,0.0,0.05848234820607175,0.168,16/30,19.93%,TBX3;WNT7A;SALL1;CREBBP;RARG;NOG;ZNF358;SKI;PTCH1;NIPBL;TBX2;MAP3K20;ECE1;HDAC1;TGFB2;GLI3
prerank,Positive Regulation Of Biosynthetic Process (GO:0009891),0.5749973466519042,1.9938703833564413,0.0,0.05223666053357865,0.184,19/38,20.40%,SLC5A3;SERPINF2;PCK1;SCX;ZBTB20;SIRT4;HSD17B13;TLR4;PPARA;TGFB1;RGCC;TLR6;GRIN1;TGFB3;MLXIPL;PLCG2;VIM;WNT4;MTOR
prerank,Cellular Response To Type II Interferon (GO:0071346),-0.6099524055490484,-1.9869811361835503,0.0,0.016724261984323002,0.31,10/37,7.59%,CCL4L1;CCL3;CCL19;CCL2;CCL4;CCL3L1;AIF1;STAT1;IRF1;CCL5
prerank,Canonical Wnt Signaling Pathway (GO:0060070),0.5370095828085442,1.9803996587021673,0.0,0.055264872738423794,0.228,24/55,14.62%,FZD9;FZD8;WNT6;WNT7A;WNT2;BCL9L;FZD1;WNT16;RARG;CCL14;WNT9B;WNT2B;FRAT2;DVL1;FRZB;TCF7;JUP;FZD7;TCF7L1;DVL2;LEF1;WNT9A;NID1;FZD2
prerank,Collagen Fibril Organization (GO:0030199),0.5792575268861035,1.9791877239254272,0.0,0.049316598764620835,0.234,18/40,17.50%,ADAMTS2;COL27A1;COL5A3;SERPINF2;COL1A2;SCX;PLOD3;COL11A1;SERPINH1;COLGALT1;COL5A1;COL11A2;LUM;LOXL1;COL1A1;COL3A1;COL5A2;GREM1
prerank,Mitochondrial Translation (GO:0032543),-0.4906929364869262,-1.9591992177034374,0.0,0.023014881384778235,0.422,61/96,34.30%,MRPS16;MRPL55;NDUFA7;MRPS30;MRPS23;MRPL30;MRPL1;MRPL28;MRPS28;MRPS18A;MRPL13;MRPS9;MRPL47;MRPL24;MRPL17;MRPS18B;MRPL14;MRPL58;FASTKD2;MRPS17;MRPL40;MRPL22;MRPS21;MRPL54;MRPL57;MRPL2;RARS2;MRPS33;MRPL12;MRPL9;TUFM;MRPL20;MRPL53;MRPS7;MRPS10;MRPS27;MRPS25;MRPS22;MRPL50;TSFM;MRPL52;MRPL51;MRPL42;MRPL39;MRPL21;MRPS12;MRPS11;MRPL45;MRPS24;DROSHA;GATB;GFM1;MRPL11;MTIF3;MRPS34;CHCHD1;MRPL46;MRPL44;MTIF2;MRPS14;MRPL35
prerank,Regulation Of Monoatomic Ion Transport (GO:0043269),0.6274933303094669,1.9335408762566695,0.0,0.08261341421343145,0.388,11/25,16.77%,KCNJ15;KCNJ16;KCNJ10;NEDD4;CLDN10;KCNJ2;CALHM1;KCNJ13;KCNJ14;KCNJ6;PXK
prerank,Apical Junction Assembly (GO:0043297),0.5530724263395764,1.929029989400069,0.0,0.07646235817233978,0.396,16/43,15.65%,CLDN18;CLDN9;CLDN15;OCLN;MARVELD2;CLDN7;CLDN10;MARVELD3;GRHL2;MICALL2;CLDN1;PARD3;APC;ESAM;FBF1;PKN2
prerank,Granulocyte Chemotaxis (GO:0071621),-0.5581587255942767,-1.925355379225295,0.0,0.033260797026596824,0.58,12/46,3.41%,CCL4L1;CXCL11;CXCL9;CCL3;CCL19;CXCL10;CCL2;TREM1;CXCL2;CXCL5;CCL4;CCL3L1
prerank,Regulation Of Monoatomic Ion Transmembrane Transport (GO:0034765),0.6142166202156321,1.9246885884104261,0.0,0.07244997700091996,0.412,12/26,15.79%,KCNJ15;P2RX7;KCNJ16;KCNJ10;NEDD4;KCNJ2;CALHM1;GRIN2C;KCNJ13;GRIN1;KCNJ14;KCNJ6
prerank,Cellular Response To Interleukin-1 (GO:0071347),-0.5309998834815927,-1.9180564606573092,0.004347826086956522,0.03490003359246422,0.608,10/53,4.43%,CCL4L1;EGR1;CCL3;CCL19;CCL2;IL1B;CCL4;CCL3L1;MYLK3;PLCB1
prerank,Cellular Response To Steroid Hormone Stimulus (GO:0071383),0.6766901588771598,1.9150716566543398,0.0,0.07247062390231664,0.438,8/21,11.46%,HSPA1A;HSPA1B;GPER1;AKR1C3;MGARP;TFPI;ATP1A2;TRERF1
prerank,Neutrophil Chemotaxis (GO:0030593),-0.5648404012889527,-1.9063834507869506,0.0,0.039805999401068,0.654,12/43,3.41%,CCL4L1;CXCL11;CXCL9;CCL3;CCL19;CXCL10;CCL2;TREM1;CXCL2;CXCL5;CCL4;CCL3L1
prerank,Extracellular Matrix Organization (GO:0030198),0.44241083911690277,1.9046232164971404,0.0,0.07551604185832567,0.47,67/137,24.17%,MIA;ADAMTS2;COL27A1;COL5A3;COL10A1;ADAMTS7;SERPINF2;COL1A2;SCX;TMPRSS6;COL24A1;PLG;PLOD3;COL22A1;MMP23B;COL11A1;HPSE2;ECM2;SERPINH1;COL8A2;ADAMTS19;COL9A1;SPINT1;COLGALT1;COL5A1;SH3PXD2B;ADAMTS17;ELN;HMCN1;NPNT;COL11A2;TGFB1;COL4A3;ADAMTS10;COL23A1;LAMC1;LUM;NOXO1;POSTN;COL8A1;LOXL1;NID1;ADAM8;COL1A1;ADAMTS13;COL3A1;COL5A2;GREM1;COL15A1;WASHC1;ADAMTS14;FURIN;CTSS;TGFB2;SMOC1;RECK;KLK7;DDR2;ADAMTS1;FLRT2;HAS2;THSD4;KLK5;SMOC2;ADAMTS16;ATP7A;COL16A1
prerank,Embryonic Digit Morphogenesis (GO:0042733),0.6944258864393217,1.9042822036547982,0.00392156862745098,0.06970711556153139,0.47,10/16,19.93%,TBX3;WNT7A;MSX1;SALL1;NOG;TBX2;MAP3K20;ECE1;HDAC1;GLI3
prerank,Mitochondrial Cytochrome C Oxidase Assembly (GO:0033617),-0.6592666876476241,-1.9025304385805728,0.0,0.0400372446142384,0.662,14/21,21.86%,UQCC6;COX18;UQCC5;COA3;COA1;COX16;PET117;TMEM223;PET100;SCO1;COX19;SURF1;COA8;COX17
prerank,Regulation Of Biomineral Tissue Development (GO:0070167),0.6334919726877539,1.8905135544453031,0.0,0.07932834472335391,0.546,13/23,21.42%,CYP27B1;NOTUM;NOTCH1;HEY2;ROCK1;FBXO5;TGFB1;CEBPB;S1PR1;SOX9;ANKH;DDR2;NOS3
prerank,Transport Across Blood-Brain Barrier (GO:0150104),0.47655015887016083,1.8900230891587089,0.0,0.07464543084943269,0.548,41/76,31.55%,ABCC2;ABCC3;SLC38A2;SLC5A3;SLC6A9;SLC7A2;SLC6A20;SLC16A12;ATP1A4;SLC19A1;SLC1A3;ATP1A2;SLC15A2;SLCO3A1;SLC6A6;ABCB1;ATP2A3;SLC24A3;SLC5A5;SLC2A10;SLC29A2;SLC44A1;SLC12A2;SLCO2B1;SLC2A4;INSR;SLC6A13;SLC7A1;ABCC5;SLC5A6;SLC8A2;ABCC1;SLC27A1;SLC2A1;KCNJ8;SLC22A3;SLC7A5;SLC7A3;SLC4A3;ABCC9;SLC22A5
prerank,Negative Regulation Of miRNA Transcription (GO:1902894),0.6539057222059417,1.8898352053957745,0.0037735849056603774,0.07026398631554738,0.55,13/20,25.03%,NFATC4;RELA;PPARA;ESR1;TGFB1;REST;NFATC3;NCOR2;NFIB;SOX9;POU5F1;NCOR1;PPARD
prerank,Toll-Like Receptor Signaling Pathway (GO:0002224),0.599492596479844,1.8807236284510644,0.00411522633744856,0.0749482520699172,0.6,12/28,19.32%,TLR8;TLR9;TLR5;IRAK3;IRAK2;TLR4;TLR7;TLR6;TLR3;PLCG2;CTSS;MAPKAPK2
prerank,Vascular Transport (GO:0010232),0.4775776752859514,1.8801226731074423,0.0,0.07116298681386078,0.6,41/75,31.55%,ABCC2;ABCC3;SLC38A2;SLC5A3;SLC6A9;SLC7A2;SLC6A20;SLC16A12;ATP1A4;SLC19A1;SLC1A3;ATP1A2;SLC15A2;SLCO3A1;SLC6A6;ABCB1;ATP2A3;SLC24A3;SLC5A5;SLC2A10;SLC29A2;SLC44A1;SLC12A2;SLCO2B1;SLC2A4;INSR;SLC6A13;SLC7A1;ABCC5;SLC5A6;SLC8A2;ABCC1;SLC27A1;SLC2A1;KCNJ8;SLC22A3;SLC7A5;SLC7A3;SLC4A3;ABCC9;SLC22A5
prerank,Wnt Signaling Pathway (GO:0016055),0.49360760522050234,1.8701321568939775,0.0,0.07793661937733017,0.652,25/66,16.62%,FZD9;FZD8;WNT6;WNT7A;WNT2;BCL9L;FZD1;WNT16;RARG;WNT9B;WNT2B;DVL1;FRZB;TCF7;JUP;FZD7;TCF7L1;DVL2;LEF1;CELSR2;WNT9A;NID1;FZD2;NXN;LRRK2
prerank,Chordate Embryonic Development (GO:0043009),0.5229303589964097,1.8651651369272064,0.0,0.07790075896964122,0.672,22/49,20.19%,FLCN;MYH6;FOXF1;CHD7;GRHL2;NOG;HES5;IGF2;ZNF358;TGFB1;DVL1;SIX4;PTCH1;TBX1;XYLT1;PKD1;COL1A1;FGFR1;TGFB3;SOX8;HINFP;PCSK5
prerank,Regulation Of Neuroinflammatory Response (GO:0150077),-0.6924467233016621,-1.8589513436931597,0.0,0.06431304179379146,0.81,7/15,11.61%,PTGS2;IL1B;SPHK1;IGF1;CD200R1;IL6;TNF
prerank,Potassium Ion Import Across Plasma Membrane (GO:1990573),0.5412011312490421,1.8567411285649589,0.0,0.08392473824856529,0.716,18/38,19.22%,KCNJ15;KCNJ16;KCNJ10;FXYD2;SLC12A7;ATP1A4;ATP4A;HCN2;SLC12A4;ATP1A2;KCNJ2;KCNJ13;KCNJ14;KCNJ6;SLC12A9;HCN4;SLC12A2;KCNK9
prerank,Neutrophil Migration (GO:1990266),-0.5323290212169232,-1.8489903417073055,0.0,0.068906830493348,0.83,12/47,3.41%,CCL4L1;CXCL11;CXCL9;CCL3;CCL19;CXCL10;CCL2;TREM1;CXCL2;CXCL5;CCL4;CCL3L1
prerank,Digestive Tract Development (GO:0048565),0.5822783612895631,1.8481365442301119,0.003816793893129771,0.09002049008948733,0.758,17/30,20.19%,GLI1;FOXF1;CCDC40;STRA6;SALL1;ZIC3;SMO;GLI2;COBL;PKDCC;NIPBL;PKD1;EPHB3;EDNRB;TGFB2;GLI3;PCSK5
prerank,Antibacterial Humoral Response (GO:0019731),-0.6565159455750115,-1.8453832252532687,0.0,0.0690683308773168,0.842,9/19,9.36%,JCHAIN;F3;SLPI;RNASE3;RNASE2;WFDC2;SFTPD;HLA-A;WFDC3
prerank,I-kappaB kinase/NF-kappaB Signaling (GO:0007249),0.5241595315229053,1.841104479774002,0.004166666666666667,0.09321627134914603,0.778,16/42,18.31%,TLR8;TLR9;IRAK2;CARD11;RELA;TLR4;IKBKB;ROCK1;TRIM8;TLR7;NFKBIA;NFKB1;NFKB2;REL;TLR3;TIFA
prerank,Mitochondrial Gene Expression (GO:0140053),-0.44778351794057153,-1.835628569248174,0.0,0.07517108781092509,0.862,57/101,34.30%,MRPS16;MRPL55;NDUFA7;MRPS30;MRPS23;MRPL30;MRPL1;MRPL28;MRPS28;MRPS18A;MRPL13;MRPS9;MRPL47;MRPL24;MRPL17;MRPS18B;MRPL14;MRPL58;FASTKD2;MRPS17;MRPL40;MRPL22;MRPS21;MRPL54;MRPL57;MRPL2;RARS2;MRPS33;MRPL12;MRPL9;MRPL20;MRPL53;MRPS7;MRPS10;MRPS27;MRPS25;MRPS22;MRPL50;MRPL52;MRPL51;MRPL42;MRPL39;MRPL21;MRPS12;MRPS11;MRPL45;MRPS24;GATB;SLC25A33;MRPL11;MTERF3;MRPS34;CHCHD1;MRPL46;MRPL44;MRPS14;MRPL35
prerank,Heart Morphogenesis (GO:0003007),0.5135827056734764,1.832058516732472,0.0,0.09851152828886844,0.806,26/49,23.00%,TBX3;TCAP;CHD7;NOTCH1;HEY2;NOG;TH;BMPR1A;EPHB4;APC;TBX1;NIPBL;TTN;TBX2;TAFAZZIN;RYR2;HEYL;SOX9;TGFB2;TBX19;ENG;NOS3;FLRT2;INSR;VEGFA;MDM4
prerank,Positive Regulation Of Biomineral Tissue Development (GO:0070169),0.547872370224667,1.831918205169964,0.0,0.09466191352345907,0.806,11/35,11.37%,P2RX7;FZD9;WNT6;CYP27B1;ADGRV1;FBXO5;PKDCC;RXRA;BMPR1A;TMEM119;CEBPB
prerank,Response To Type II Interferon (GO:0034341),-0.5191853667023654,-1.827812424384676,0.0,0.07944552221586004,0.876,12/51,7.59%,CCL4L1;CCL3;CCL19;CCL2;CCL4;CCL3L1;SLC11A1;AIF1;STAT1;IFITM1;CITED1;CCL5
prerank,Regulation Of Anoikis (GO:2000209),0.6391887108953133,1.8227386602153832,0.012244897959183673,0.10202745736324394,0.838,6/19,10.06%,SNAI2;ITGA5;ITGB1;NOTCH1;PIK3CA;SIK1
prerank,Positive Regulation Of Reactive Oxygen Species Metabolic Process (GO:2000379),0.5313077732378257,1.8210481185586882,0.0,0.10026747078265019,0.84,16/42,15.07%,CD177;SLC5A3;FPR2;PDGFRB;AGTR1;TLR4;AKR1C3;ZC3H12A;ADGRB1;TGFB1;TLR6;TGFBR2;ITGAM;ITGB2;GRIN1;AKR1C1
prerank,Positive Regulation Of DNA Replication (GO:0045740),0.6566214885225747,1.8173546704313484,0.0,0.10057990537521357,0.856,9/17,14.31%,GLI1;EGFR;DNA2;GLI2;BRPF3;CTC1;BCAR3;EGF;BAZ1A
prerank,Regulation Of Macrophage Derived Foam Cell Differentiation (GO:0010743),0.613464164607401,1.8170203147844173,0.003937007874015748,0.09797310693779146,0.856,10/22,15.01%,ALOX15B;AGTR1;CSF1;PPARA;NFKBIA;ABCG1;NFKB1;MSR1;PLA2G5;PRKCH
prerank,Positive Regulation Of Vascular Endothelial Growth Factor Production (GO:0010575),-0.6237493978267664,-1.8149517443651433,0.00784313725490196,0.08770855138510439,0.906,7/21,8.51%,PTGS2;IL1B;NOX1;NODAL;SULF1;CYP1B1;IL6
prerank,Regulation Of Adenylate Cyclase Activity (GO:0045761),0.6499249088783061,1.8131335095815682,0.003952569169960474,0.0985683072677093,0.872,6/16,16.75%,CCR2;GRM2;DRD5;PALM;EDNRB;ORAI1
prerank,Regulation Of Myelination (GO:0031641),-0.5960258290158476,-1.8109386719514013,0.008333333333333333,0.08967458357259316,0.914,2/24,0.30%,EGR2;TYMP
prerank,Antimicrobial Humoral Response (GO:0019730),-0.5232871300931801,-1.8107499728874576,0.0,0.08743718085574835,0.914,14/45,9.36%,CXCL11;CXCL9;CXCL10;CXCL2;JCHAIN;F3;CXCL5;SLPI;SLC11A1;RNASE3;WFDC2;HLA-A;CXCL14;WFDC3
prerank,Negative Regulation Of miRNA Metabolic Process (GO:2000629),0.6183537829658978,1.8069958911337005,0.003816793893129771,0.10081016114194141,0.884,13/21,25.03%,NFATC4;RELA;PPARA;ESR1;TGFB1;REST;NFATC3;NCOR2;NFIB;SOX9;POU5F1;NCOR1;PPARD
prerank,Ribonucleoprotein Complex Biogenesis (GO:0022613),-0.45884186674823596,-1.799705443194299,0.0,0.09474689192835349,0.932,52/90,35.81%,MRTO4;TMA16;SNU13;RSL24D1;RBIS;RPL5;NPM1;RPS17;ZNF622;CINP;RPS24;TBL3;WDR46;RPL11;DIMT1;WDR74;RPS4X;RRP7A;SURF6;RPS14;RPS8;ZNF658;WDR75;SDAD1;RPS13;RIOK1;RPF2;RPS25;RPL7;RPS6;RPL35A;NAT10;NGDN;BYSL;EMG1;RPS11;MRPS12;RPS19;MALSU1;RPS9;RPL26;RPS15A;WDR43;PES1;MPHOSPH10;RPL38;RPS16;FCF1;CUL4B;RPL26L1;RPS27;WDR3
prerank,Limb Morphogenesis (GO:0035108),0.6475156005866913,1.7990905689303502,0.0,0.10575084809107636,0.902,10/16,24.44%,TBX3;SKI;PTCH1;NIPBL;ZNF141;IQCE;TGFB2;GLI3;PCSK5;MYH3
prerank,Artery Morphogenesis (GO:0048844),0.6031057085358563,1.7977636419904532,0.004048582995951417,0.1042668520531906,0.904,15/24,23.72%,FOXF1;PDGFRB;STRA6;NOTCH1;HEY2;NOG;SMAD7;BMPR1A;TGFBR2;TBX1;TBX2;TGFB2;ENG;VEGFA;PKD2
prerank,Protein Export From Nucleus (GO:0006611),-0.6006977805473561,-1.794393980185603,0.01639344262295082,0.09766218091076437,0.948,1/20,0.01%,EGR2
prerank,Regulation Of Small GTPase Mediated Signal Transduction (GO:0051056),0.4593787448706993,1.793651858294014,0.0,0.1052749066507928,0.916,40/79,29.30%,FLCN;TNFRSF25;VAV3;SYDE1;ARHGEF19;FGD3;CHN2;ITSN1;OBSCN;PREX1;RHOF;MCF2L;ARHGEF10;DOCK2;PLEKHG4B;ARHGEF40;DOCK8;MYO9B;ARHGEF10L;TRIO;FAM13B;CGNL1;TIAM2;ARHGAP11A;PLEKHG1;GNA13;ARHGEF28;ARHGEF12;STARD13;ARHGEF17;SYDE2;SRC;PLCE1;FOXM1;ARHGEF1;RHOD;SPATA13;FGD1;TGM2;MYO9A
prerank,Phospholipase C-activating G Protein-Coupled Receptor Signaling Pathway (GO:0007200),0.46788448318301984,1.7916409648103158,0.0,0.10421376002102774,0.922,21/64,14.37%,GPR20;CXCR2;FPR2;OPRK1;AGTR1;GPR4;GPR157;OPRM1;ESR1;CHRM2;DRD5;PTH1R;GRM1;F2RL3;FPR3;C5AR1;C3AR1;PTGER3;C5AR2;GPR35;P2RY12
prerank,Antigen Processing And Presentation Of Exogenous Peptide Antigen (GO:0002478),-0.5721683894139091,-1.7882434229436743,0.003952569169960474,0.10146530790145494,0.962,10/26,10.64%,HLA-DRB4;HLA-DRB5;HLA-DRB3;HLA-DRB1;IFI30;CTSV;HLA-F;HLA-A;FCER1G;HLA-DQA1
prerank,Positive Regulation Of Lipid Biosynthetic Process (GO:0046889),0.5583806588530286,1.7826330061957356,0.0,0.11172841280793214,0.936,22/31,36.22%,FSHB;PCK1;ZBTB20;SIRT4;HSD17B13;PPARA;PLIN5;KAT2B;MLXIPL;MTOR;SLC45A3;MLST8;LDLR;SLC27A1;SIRT2;CREBL2;GPLD1;ELOVL5;RPTOR;KAT5;APOE;CREB1
prerank,Negative Regulation Of Small Molecule Metabolic Process (GO:0062014),0.5848142481884079,1.7798005393858118,0.00411522633744856,0.11208477336582212,0.938,13/23,26.15%,FLCN;GIT1;CBFA2T3;PPARA;KAT2A;HDAC4;SIK1;ACTN3;WNT4;CLK2;NCOR1;NUPR1;CRY1
prerank,Inner Mitochondrial Membrane Organization (GO:0007007),-0.5435415581558094,-1.7728825896720493,0.004,0.114326515714878,0.97,22/33,29.50%,CHCHD6;TOMM70;MICOS13;GHITM;SLC25A46;NDUFA13;TIMM8A;TIMM10;SAMM50;ROMO1;OPA1;IMMT;TIMM13;CIBAR1;TIMM8B;TIMM10B;MTX3;UQCC3;CHCHD3;TIMM9;MTX2;HSPA9
prerank,Ribosome Biogenesis (GO:0042254),-0.4276482457624354,-1.7725817855519763,0.0,0.11185055164009525,0.97,68/122,35.81%,MRTO4;TMA16;SNU13;EXOSC9;RSL24D1;RBIS;RPL5;EXOSC7;NPM1;PIH1D2;RPS17;RPL27;ZNF622;CINP;RPS24;TBL3;WDR46;RPL11;PIN4;MRPL22;DIMT1;SBDS;WDR74;DDX10;PIH1D1;RPS4X;RRP7A;SURF6;RPS14;RPS8;ZNF658;WDR75;SDAD1;RPS13;EXOSC4;RIOK1;NOLC1;MRM2;RPF2;RPS25;RPL7;RPS6;RPL35A;EIF2S1;NAT10;NGDN;BYSL;EMG1;RPS11;MRPS12;RPS19;MALSU1;RPS9;RPL26;RPS15A;WDR43;PES1;DHX29;MPHOSPH10;NOC4L;DDX54;RPS16;FCF1;CUL4B;RPL26L1;RPS27;DCAF13;WDR3
prerank,Polyol Biosynthetic Process (GO:0046173),0.6343115047712822,1.7691799386233875,0.007782101167315175,0.12144724737326297,0.956,5/15,6.87%,CYP27B1;ISYNA1;IP6K3;ITPKB;ITPKA
prerank,Pyruvate Metabolic Process (GO:0006090),-0.48890152685997446,-1.7623734284771106,0.0,0.1204267049203512,0.976,26/46,24.09%,NR4A3;PDHA2;SDS;LDHC;PFKFB1;LDHA;ENO2;PCK2;TPI1;VDAC1;DLD;PGK1;PGAM1;PKM;PGAM2;ENO1;DLAT;PDHX;ME3;PDHB;HK1;LDHB;PFKFB2;PFKM;ALDOC;SRR
prerank,External Encapsulating Structure Organization (GO:0045229),0.4443901273398673,1.7609301575029708,0.0,0.1284660793055457,0.962,33/80,18.38%,MIA;ADAMTS2;COL5A3;COL10A1;ADAMTS7;COL1A2;COL24A1;COL22A1;MMP23B;COL11A1;HPSE2;ECM2;COL8A2;ADAMTS19;COL9A1;SPINT1;HRNR;TGM1;COL5A1;ADAMTS17;NPNT;COL4A3;ADAMTS10;COL23A1;POSTN;COL8A1;COL1A1;ADAMTS13;COL3A1;COL5A2;COL15A1;ADAMTS14;FURIN
prerank,Protein Targeting To ER (GO:0045047),-0.6152832351503964,-1.7601254010585101,0.0,0.12015628567277557,0.978,7/19,19.59%,SEC61G;SPCS1;SGTB;SPCS2;SPCS3;SEC63;ZFAND2A
prerank,Positive Regulation Of Cytosolic Calcium Ion Concentration Involved In Phospholipase C-activating G Protein-Coupled Signaling Pathway (GO:0051482),0.6032004960672237,1.7567856580071286,0.003745318352059925,0.1312729990800368,0.966,7/20,14.00%,GPR20;GPR4;GPR157;GRM1;F2RL3;C3AR1;GPR35
prerank,Negative Regulation Of Smoothened Signaling Pathway (GO:0045879),0.5757104864377838,1.7534723674565857,0.0038022813688212928,0.13261353692193775,0.97,12/23,19.93%,GLI1;PTCH2;KIF7;GLI2;PTCH1;ULK3;SUFU;HHIP;GLIS2;MGRN1;GPC3;GLI3
prerank,Regulation Of Keratinocyte Differentiation (GO:0045616),0.6276216612361918,1.7521917016116366,0.004347826086956522,0.13107832829543958,0.972,10/18,15.01%,ETV4;CYP27B1;GRHL2;ROCK1;FOXC1;ZFP36L1;SRSF6;TRIM16;NUMA1;PRKCH
prerank,Negative Regulation Of Carbohydrate Metabolic Process (GO:0045912),0.5819614714088944,1.7519475457957265,0.011764705882352941,0.12834690100768062,0.972,8/23,10.06%,FLCN;GIT1;CBFA2T3;PPARA;KAT2A;HDAC4;TGFB1;SIK1
prerank,Eye Development (GO:0001654),0.5051199876801191,1.7486934411633186,0.0,0.13048841682696327,0.98,21/45,20.13%,MAB21L2;STRA6;MAB21L1;SIPA1L3;SOX2;COL5A1;SH3PXD2B;HES5;HIPK2;SMG9;FOXC1;SKI;NIPBL;SALL2;PAX6;HIPK1;COL5A2;PBX3;FBN1;TGFB2;SMOC1
prerank,Glutamate Metabolic Process (GO:0006536),-0.6332956985941806,-1.7483614000439844,0.015625,0.13073157007487968,0.986,6/19,13.17%,PRODH;GAD1;FPGS;GOT1;ALDH5A1;GLUD1
prerank,Positive Regulation Of T Cell Mediated Cytotoxicity (GO:0001916),-0.6106251018701294,-1.7467166964031375,0.004347826086956522,0.12979949700540444,0.986,12/18,30.26%,HLA-DRB1;IL12A;HLA-F;HLA-A;CD1D;CYRIB;RAET1G;IL23A;HLA-C;IL12RB1;STX7;MR1
prerank,Activation Of GTPase Activity (GO:0090630),0.45566252597295204,1.7425845725129478,0.0,0.13576484718389042,0.99,30/73,25.46%,FOXJ1;TBC1D8B;MTSS2;SCRIB;EPHA2;SIPA1;AGAP7P;SYDE1;ARHGEF19;SIPA1L3;TBCK;ARHGEF10;TBC1D2;TBC1D26;RALGAPA2;ARHGEF16;TIAM2;TSC1;TBC1D2B;RAP1GAP;TBC1D17;ARHGEF26;APC2;TBC1D1;EVI5L;TBC1D5;SYDE2;SGSM3;TBC1D9B;CCDC125
prerank,Positive Regulation Of Leukocyte Cell-Cell Adhesion (GO:1903039),-0.501686065454463,-1.737036138198277,0.0,0.13869332265256853,0.99,8/38,2.86%,NR4A3;CCL2;HLA-DRB4;HLA-DRB5;HLA-DRB3;CD44;HLA-DRB1;MDK
prerank,Extracellular Structure Organization (GO:0043062),0.43761469596963215,1.7357255493224353,0.0035087719298245615,0.14288553457861686,0.996,39/79,24.17%,MIA;ADAMTS2;COL5A3;COL10A1;ADAMTS7;COL1A2;COL24A1;COL22A1;MMP23B;COL11A1;HPSE2;ECM2;COL8A2;ADAMTS19;COL9A1;SPINT1;COL5A1;ADAMTS17;NPNT;COL4A3;ADAMTS10;COL23A1;POSTN;COL8A1;COL1A1;ADAMTS13;COL3A1;COL5A2;COL15A1;ADAMTS14;FURIN;SMOC1;RECK;ADAMTS1;THSD4;SMOC2;ADAMTS16;ATP7A;COL16A1
prerank,Heart Development (GO:0007507),0.412150135616989,1.733230761322123,0.0,0.14308302667893283,0.998,60/136,23.94%,FOXC2;PRICKLE4;MYH6;MYOCD;FOXF1;TBX3;STRA6;TCAP;APLN;CHD7;SGCZ;MYL7;NOTCH1;SALL1;SH3PXD2B;GLI2;SMG9;TH;KAT2A;GJA1;TGFB1;EPHB4;HEG1;DVL1;FOXC1;TGFBR2;SGCD;TBX1;NIPBL;DVL2;KDM6B;KDM6A;DAND5;PKD1;TBX2;TAFAZZIN;MYH7;COL3A1;ECE1;KAT2B;NCOA6;FN1;GPC3;PDLIM7;SOX9;PDLIM5;FBN1;TGFB2;CRELD1;TBX19;PCSK5;FLRT2;INSR;VEGFA;TEK;MICAL2;ERBB3;PKD2;TSC2;TAB2
prerank,Response To Interleukin-1 (GO:0070555),-0.47485579344875334,-1.7328043667890365,0.012145748987854251,0.14136666943400925,0.99,12/57,7.59%,CCL4L1;CCL3;CCL19;CCL2;SELE;IL1B;CCL4;CCL3L1;MYLK3;CHI3L1;CITED1;CCL5
prerank,Neural Tube Development (GO:0021915),0.6391436303541475,1.7325854101695848,0.007722007722007722,0.14119039405090464,0.998,8/16,14.29%,SLC39A12;GRHL2;HES5;ZNF358;TGFB1;DVL1;PTCH1;PKD1
prerank,Dorsal/Ventral Pattern Formation (GO:0009953),0.6227660799179859,1.729534477672389,0.00392156862745098,0.1422023731295646,0.998,8/17,22.36%,DSCAML1;NOG;GLI2;BMPR1A;PTCH1;GREM1;MDFI;CHRD
prerank,Positive Regulation Of T Cell Activation (GO:0050870),-0.43356964470455145,-1.7285296641508487,0.0,0.1432629256430577,0.99,20/86,10.64%,VCAM1;CCL19;CCL2;HLA-DRB4;HLA-DRB5;HLA-DRB3;IL1B;HLA-DRB1;IL7;TFRC;MDK;AIF1;PDCD1LG2;NOD2;ACTB;CCL5;HLA-A;IL6;CD1D;HLA-DQA1
prerank,Regulation Of Muscle Cell Differentiation (GO:0051147),0.6064867639592052,1.7272616027705836,0.0040650406504065045,0.14276506439742412,1.0,9/20,15.82%,ZBED6;MYOCD;LAMB2;IGF2;MEGF10;RBM4;LAMC1;NID1;LAMA2
prerank,Muscle Cell Differentiation (GO:0042692),0.5332798025793178,1.7223341846070706,0.0,0.14753627992135215,1.0,9/30,11.61%,LBX2;MYOCD;SGCZ;HEY2;FBXO40;MEGF10;TBX18;TBX1;ACTN3
prerank,Immune Response-Activating Cell Surface Receptor Signaling Pathway (GO:0002429),0.6016793150479746,1.7210278178951242,0.01968503937007874,0.146358736996674,1.0,10/19,15.71%,FPR2;CR1;CD19;FPR3;C5AR1;BCAR1;C3AR1;C5AR2;SH2B2;LILRA2
prerank,Phospholipid Translocation (GO:0045332),0.5565178932198319,1.7155278084481564,0.016129032258064516,0.1507106932703824,1.0,11/26,19.89%,P2RX7;ABCA7;ATP11A;ATP10D;ATP11C;ATP8B2;ABCA4;ABCB1;ATP8B3;ATP11B;ANO6
prerank,Gene Expression (GO:0010467),-0.37003275663090757,-1.7126099303405373,0.0,0.1615176106764077,0.992,121/254,30.75%,ADAD2;RBM3;GZMA;GZMB;NXF3;WARS1;PRPH2;MRPS16;RPS4Y1;MRPL55;NOX4;RPL15;FARSB;RPL12;EXOSC9;ALYREF;EIF4A3;MBTPS2;DDX19B;RPL41;SARS1;MRPL28;RPL5;EXOSC7;THOC7;RPS20;RPS17;MRPS18A;MRPL13;HBS1L;RPL35;RPL27;MRPL24;RPL9;RPS24;MRPS18B;MRPL14;RPL11;MAGOH;RPS10;TSPAN15;RPL32;FASTKD2;MRPS17;RPL36AL;MRPS21;RPL28;TSPAN5;RPL27A;FAU;EXOSC1;MRPS33;MRPL12;MRPL9;THOC5;RPL8;DNAJB11;NOVA1;SARNP;RPL22;SRBD1;RPS4X;RAE1;MRPS7;RPL37;EXOSC6;RPL29;RPS27A;TESC;RPL36;RPS14;RPS8;RPSA;RPL24;RPL3;RPS13;EXOSC4;PRPF4;DDX25;RPL19;RPS2;RPL13A;RPL37A;RPS25;RNGTT;RPL10A;RPL4;RPL30;HNRNPK;DDX39B;RPL7;RPS6;RPL35A;MRPL52;RPS29;MRPL51;RPL18A;MRPL42;SRSF3;RBM8A;COPS5;RPS11;MRPS12;RPL10;ADARB1;MRPS11;RPS19;GLE1;RPL21;RBMS1;MAGOHB;RPS9;RPL26;NXT1;RPS15A;RPL13;TSPAN33;CHTOP;RPL39;RPL34;MRPL11
prerank,Membrane Assembly (GO:0071709),-0.5291748956065296,-1.7065468130709327,0.007575757575757576,0.16706528608828394,0.994,8/32,13.67%,NLGN4Y;S100A10;ANXA2;TLCD1;RFTN1;CHMP2A;UGCG;CHMP2B
prerank,Dendritic Cell Migration (GO:0036336),0.6086162437657708,1.7059970317423303,0.015810276679841896,0.16104200739377836,1.0,4/17,0.90%,CXCR1;CXCR2;CXCR4;CCR2
prerank,Positive Regulation Of T Cell Mediated Immunity (GO:0002711),-0.5380228342654075,-1.7054401860926782,0.008733624454148471,0.16527700833236209,0.994,10/27,17.56%,HLA-DRB3;IL1B;HLA-DRB1;IL12A;HLA-F;HLA-A;CD1D;CYRIB;RAET1G;IL23A
prerank,Detection Of Mechanical Stimulus (GO:0050982),0.6121065588381679,1.7042922417907924,0.016,0.16154135652755708,1.0,10/17,18.92%,PIEZO2;TCAP;LHFPL5;PKD2L1;JUP;PKD2L2;PIEZO1;TTN;PKD1;PKD1L3
prerank,Peptide Antigen Assembly With MHC Protein Complex (GO:0002501),-0.6389806961033763,-1.703836972895042,0.024793388429752067,0.16436879330417964,0.994,8/15,18.27%,HLA-DRB4;HLA-DRB5;HLA-DRB3;HLA-DRB1;PDIA3;HLA-DQA1;TAPBPL;HLA-DMA
prerank,Eye Morphogenesis (GO:0048592),0.6259540163498812,1.6999511114248629,0.01639344262295082,0.16514571559994742,1.0,10/15,25.41%,NKD1;COL5A1;RARG;SKI;NIPBL;COL5A2;FBN1;VEGFA;FBN2;STAT3
prerank,Alpha-Amino Acid Catabolic Process (GO:1901606),-0.559505134015029,-1.6990317416231246,0.011673151750972763,0.16757758360257272,0.994,8/26,9.50%,PRODH;HMGCLL1;IL4I1;HPD;HMGCL;THNSL2;KMO;SARDH
prerank,Transepithelial Transport (GO:0070633),0.64214464704157,1.6951424767593488,0.016,0.17017755693281042,1.0,7/15,17.39%,ABCC2;CLCNKA;SLC26A6;CLCN7;SLC1A3;RHCG;SLC12A2
prerank,Embryonic Digestive Tract Development (GO:0048566),0.5983255029328174,1.6925006096754107,0.00823045267489712,0.17162914776512386,1.0,11/18,20.19%,FOXF1;PDGFRA;RBPMS2;STRA6;SALL1;GLI2;PKDCC;NIPBL;TGFB2;GLI3;PCSK5
prerank,Adenylate Cyclase-Inhibiting G Protein-Coupled Receptor Signaling Pathway (GO:0007193),0.48051911107753903,1.6921750572049519,0.011673151750972763,0.16902813294247893,1.0,18/45,15.24%,FPR2;NPY1R;HTR1E;OPRK1;RGS1;HTR1B;GPR37L1;OPRM1;CHRM2;FLNA;GPR37;ADCY7;HRH3;INSL3;GRM4;P2RY12;ADCY6;ADCY5
prerank,L-alpha-amino Acid Transmembrane Transport (GO:1902475),0.4885962526584714,1.6917040780354564,0.0,0.16666522922416438,1.0,13/37,22.00%,SLC38A2;SLC17A8;SLC6A9;SLC7A2;SLC43A1;SLC6A20;SLC1A3;SLC1A7;SLC25A18;SLC25A22;SLC25A29;SLC7A7;SLC7A1
prerank,Non-Canonical Wnt Signaling Pathway (GO:0035567),0.49940218198050923,1.687980155134393,0.007462686567164179,0.16996461534981225,1.0,13/37,14.62%,FZD9;FZD8;WNT7A;CELSR1;CELSR3;FZD1;WNT9B;DVL1;FRZB;FZD7;DVL2;CELSR2;FZD2
prerank,In Utero Embryonic Development (GO:0001701),0.5514613063320472,1.687382282455465,0.012048192771084338,0.16832219856367037,1.0,12/25,23.72%,FLCN;MYH6;FOXF1;CHD7;IGF2;PKD1;TFEB;TGFB3;SOX8;HINFP;VEGFA;PKD2
prerank,Antimicrobial Humoral Immune Response Mediated By Antimicrobial Peptide (GO:0061844),-0.5374258947329479,-1.6838081795369597,0.0038022813688212928,0.1862363700515669,0.998,6/31,3.95%,CXCL11;CXCL9;CXCL10;CXCL2;CXCL5;RNASE3
prerank,Mitotic Metaphase Plate Congression (GO:0007080),-0.4934425505061961,-1.6835448336647112,0.007936507936507936,0.18349519816643786,0.998,16/41,24.49%,NUF2;CDCA5;CDT1;BECN1;DCTN2;RMDN1;CHMP2A;RAB11A;CHMP2B;SEH1L;CENPE;KIF22;KIF2C;MAD1L1;VPS4B;KPNB1
prerank,Positive Regulation Of Release Of Sequestered Calcium Ion Into Cytosol (GO:0051281),-0.5297624093476525,-1.683312012822549,0.018867924528301886,0.18060842939835425,0.998,6/29,7.16%,CXCL11;CXCL9;CXCL10;APLNR;TRPC1;P2RY6
prerank,Regulation Of Ras Protein Signal Transduction (GO:0046578),0.44427113436589805,1.6798830141816485,0.007326007326007326,0.17628521049634205,1.0,33/62,25.06%,FLCN;KANK2;NOTCH2;STARD8;GIT1;SYDE1;NOTCH1;FGF10;MMD2;RASAL3;DENND4B;MYO9B;OPHN1;OGT;KANK1;EPS8;SPRY4;SPRY1;LZTR1;ARHGEF28;RAF1;TGFB2;STARD13;RALGPS1;DENND4C;ARHGEF18;DAB2IP;EPS8L1;SYDE2;SGSM3;RDX;PLCE1;FOXM1
prerank,Embryonic Organ Development (GO:0048568),0.44648884397941907,1.679842694803149,0.0,0.1736372146676633,1.0,27/65,20.69%,COL27A1;TEAD2;STRA6;TAL1;HEY2;SALL1;GLI2;IGF2;COBL;PKDCC;BMPR1A;TGFB1;TGFBR2;TEAD1;SH2B3;PKD1;KMT2A;FLT3LG;TBX2;NES;TFEB;TEAD3;PBX3;TGFB2;GLI3;PCSK5;GDNF
prerank,Regulation Of Fibrinolysis (GO:0051917),0.624409155620751,1.6780391153630108,0.007575757575757576,0.173691263887906,1.0,4/15,5.28%,CEL;SERPINF2;PLG;KLKB1
prerank,Response To Steroid Hormone (GO:0048545),0.5519429188212874,1.677627787436771,0.018867924528301886,0.17167898511332275,1.0,9/25,19.82%,HSPA1A;HSPA1B;MGARP;TFPI;TGFB1;ATP1A2;TGFB3;PAQR8;TGFB2
prerank,Modified Amino Acid Transport (GO:0072337),0.5194083366991803,1.6775908062036669,0.004347826086956522,0.16915051009899904,1.0,13/27,22.00%,FOLR3;SLC7A9;SLC7A2;SLC6A20;SLC16A12;SLC19A1;FOLR2;SLC25A29;SLC16A9;SLC46A1;SLC7A7;SLC6A13;SLC7A1
prerank,Protein Localization To Cell Surface (GO:0034394),0.5463507194283853,1.6759135997390593,0.015625,0.16903435994913146,1.0,5/22,8.06%,CD177;PTPRU;FGF10;FLNA;FCN1
prerank,Positive Regulation Of Bone Mineralization (GO:0030501),0.5021103339423042,1.6756484608037974,0.00816326530612245,0.16697957081716733,1.0,8/32,9.41%,P2RX7;FZD9;CYP27B1;ADGRV1;PKDCC;RXRA;BMPR1A;TMEM119
prerank,Amino Acid Import Across Plasma Membrane (GO:0089718),0.5697420236998175,1.6755002116139563,0.0,0.16478881916151927,1.0,7/22,12.63%,SLC38A2;SLC6A9;SLC7A2;SLC6A20;SLC1A3;SLC36A1;SLC6A6
prerank,Skeletal Muscle Tissue Development (GO:0007519),-0.5150582142080189,-1.6711617303574375,0.012295081967213115,0.1968002839866051,1.0,4/33,3.81%,EGR2;MYLK2;MYL11;MYOZ1
prerank,Positive Regulation Of T Cell Proliferation (GO:0042102),-0.4641868980984978,-1.6684514699197952,0.0,0.19755237928728497,1.0,12/50,9.72%,VCAM1;CCL19;ICOSLG;IL1B;IGF1;TFRC;TNFSF9;AIF1;PDCD1LG2;CCL5;IL6;CD1D
prerank,Epithelial Cell Migration (GO:0010631),0.49144122465869494,1.668391632763937,0.003952569169960474,0.17379165748863004,1.0,23/42,22.53%,CEL;S100A12;TNFRSF25;FERMT1;KANK2;PRKX;FAT2;ANLN;ROCK1;S100A9;PIK3CA;KANK1;PKN3;ADGRA2;PKN2;LRG1;SMAD4;PXN;PRSS3;STARD13;NOS3;TESK1;PLXND1
prerank,Dicarboxylic Acid Transport (GO:0006835),0.5581938983205496,1.6671433529105428,0.011320754716981131,0.17349132423591945,1.0,10/22,11.80%,FOLR3;SLC17A8;SLC26A6;SLC19A1;SLC1A3;FOLR2;GJA1;SLC26A1;SLC26A8;SLC1A7
prerank,Positive Regulation Of Canonical Wnt Signaling Pathway (GO:0090263),0.4378240174673235,1.6668751470545096,0.0,0.17155029552242568,1.0,27/75,20.64%,FZD9;EGFR;SCEL;PPM1N;FGF10;JRK;TGFB1;LGR6;GPRC5B;NFKB1;JUP;FAM53B;EGF;KANK1;RNF220;CSNK1G2;PRDM15;COL1A1;AMER1;BMAL1;LRRK2;UBR5;LRRK1;GPC3;ZBED3;TBL1X;PTK7
prerank,Immunoglobulin Production Involved In Immunoglobulin-Mediated Immune Response (GO:0002381),-0.6129878702936006,-1.665189698956922,0.024291497975708502,0.19965754135447583,1.0,4/16,1.74%,HLA-DRB4;HLA-DRB5;HLA-DRB3;HLA-DRB1
prerank,Positive Regulation Of Cation Channel Activity (GO:2001259),-0.5204431691259064,-1.6630160405191439,0.004201680672268907,0.19994277044791142,1.0,16/32,27.82%,PIRT;TMSB4X;LRRC38;P2RY6;JPH2;GSTO1;PPP3R1;PPP3CB;CALM3;GAL;CALM1;APEX1;EDN1;PPP3CA;LRRC55;CALM2
prerank,Protein Import Into Mitochondrial Matrix (GO:0030150),-0.5964227930412983,-1.662131428136365,0.024793388429752067,0.19857948287740249,1.0,14/18,31.78%,TOMM20;TIMM23B;TIMM17A;TOMM70;TOMM20L;ROMO1;TIMM17B;DNAJC19;TIMM23;GRPEL2;TOMM40L;DNLZ;TIMM50;GRPEL1
prerank,Cardiac Muscle Cell Differentiation (GO:0055007),0.5648162768187367,1.6616050169814343,0.028112449799196786,0.1779483888212039,1.0,8/19,17.50%,MYH6;MYOCD;TCAP;MYH11;SIK1;KDM6B;TTN;GREM1
prerank,Regulation Of Heterotypic Cell-Cell Adhesion (GO:0034114),-0.587248457456403,-1.6605975555692645,0.025210084033613446,0.19821651358979353,1.0,3/17,1.49%,IL1RN;IL1B;CD44
prerank,Negative Regulation Of TOR Signaling (GO:0032007),0.4657103540303284,1.6604852456655699,0.0,0.17760464581416743,1.0,24/50,25.74%,FLCN;DDIT4;TSSK2;TSSK3;RNF152;ATM;CASTOR2;TSSK6;KPTN;SPAAR;WDR59;NUAK2;SZT2;NPC1;TSC1;BMAL1;SIRT1;NPRL3;UBR2;WDR24;STK11;TSC2;RPS6KA1;SESN2
prerank,Ribosomal Small Subunit Biogenesis (GO:0042274),-0.44440693125088765,-1.6581642970481878,0.0,0.19910305670284967,1.0,36/64,35.81%,SNU13;NPM1;RPS17;RPS24;TBL3;WDR46;DIMT1;RPS4X;MRPS7;RRP7A;SURF6;RPS14;RPS8;WDR75;RPSA;RPS13;RIOK1;RPS25;LSM6;RPS6;NAT10;NGDN;EMG1;RPS11;MRPS12;MRPS11;RPS19;RIOK3;RPS9;RPS15A;WDR43;MPHOSPH10;RPS16;FCF1;RPS27;WDR3
prerank,Positive Regulation Of Wnt Signaling Pathway (GO:0030177),0.4074664189242189,1.6580473118061847,0.0,0.17909285273325912,1.0,33/96,20.64%,LBX2;FZD9;EGFR;SCEL;RSPO3;PPM1N;SALL1;FGF10;JRK;TGFB1;MACF1;LGR6;GPRC5B;NFKB1;JUP;SKI;FAM53B;EGF;KANK1;RNF220;CSNK1G2;PRDM15;COL1A1;DISC1;AMER1;BMAL1;LRRK2;UBR5;LRRK1;GPC3;ZBED3;TBL1X;PTK7
prerank,Antigen Processing And Presentation Of Exogenous Peptide Antigen Via MHC Class II (GO:0019886),-0.5560436792820431,-1.6569519687215386,0.015810276679841896,0.19831915868527808,1.0,8/22,10.64%,HLA-DRB4;HLA-DRB5;HLA-DRB3;HLA-DRB1;IFI30;CTSV;FCER1G;HLA-DQA1
prerank,Regulation Of Release Of Sequestered Calcium Ion Into Cytosol (GO:0051279),-0.48430312269721665,-1.6564924838035053,0.0040650406504065045,0.19604515296800637,1.0,7/46,4.44%,CXCL11;CXCL9;CXCL10;DHRS7C;APLNR;UBASH3B;TRPC1
prerank,Amino Acid Transmembrane Transport (GO:0003333),0.4912744343818233,1.6554256844665587,0.004149377593360996,0.18116181196907968,1.0,13/35,22.00%,SLC7A9;SLC38A2;SLC6A20;SLC38A11;SLC36A1;SLC6A6;SLC7A10;SLC38A10;SLC25A18;SLC25A22;SLC7A7;SLC6A13;SLC7A1
prerank,Mesenchymal Cell Differentiation (GO:0048762),0.4671869333288834,1.6551713805001484,0.004,0.1792177511617484,1.0,20/45,20.16%,RANBP3L;HGF;SNAI2;S100A4;NOTCH1;HEY2;ROCK1;NOG;TGFB1;FOXC1;FOXF2;NOTCH4;DLG5;LEF1;FGFR1;HEYL;SMAD4;SOX9;TGFB2;WNT4
prerank,Regulation Of Integrin-Mediated Signaling Pathway (GO:2001044),0.6010998504836188,1.65493625427764,0.015873015873015872,0.17723666053357867,1.0,9/16,15.82%,CD177;LAMB2;FLNA;PRKD1;LAMC1;PHACTR4;NID1;SLC2A10;LAMA2
prerank,Regulation Of Extracellular Matrix Organization (GO:1903053),0.57477501570456,1.654823956430407,0.023809523809523808,0.1751347602345906,1.0,13/20,23.31%,CEL;FGFR4;ZNF469;NOTCH1;LAMB2;LAMC1;NID1;SLC2A10;LAMA2;TIE1;DDR1;DDR2;LAMA1
prerank,Positive Regulation Of Microtubule Polymerization (GO:0031116),0.5500009460642852,1.6521487713794416,0.011857707509881422,0.17768315501947823,1.0,8/23,14.92%,HSPA1A;HSPA1B;PDE4DIP;OCLN;GIT1;ANKRD53;FES;NUMA1
prerank,Regulation Of Canonical Wnt Signaling Pathway (GO:0060828),0.3710483186596174,1.6481018203237283,0.0,0.18136036753651805,1.0,59/179,20.64%,GLI1;FZD9;EGFR;SNAI2;ZNF703;SCEL;PTPRU;SOX13;LATS2;NKD1;PPM1N;FGF10;SOX2;NOG;CCL14;JRK;TGFB1;FRZB;LGR6;ZNRF3;APC;GPRC5B;NFKB1;JUP;FZD7;OTULIN;AMER2;CSNK1A1L;FAM53B;AXIN1;EGF;KANK1;WWTR1;RNF220;TMEM131L;CSNK1G2;PRDM15;TLE2;COL1A1;TLE4;LIMD1;AMER1;BMAL1;INVS;MLLT3;LRRK2;GREM1;UBR5;HDAC1;LRRK1;APC2;MCC;GPC3;ZBED3;SOX9;TBL1X;GLI3;LZTS2;PTK7
prerank,Inflammatory Response (GO:0006954),-0.36646076269552236,-1.6469157749863248,0.00390625,0.20885454630502454,1.0,34/183,6.32%,CCL4L1;CXCL11;SERPINA3;CXCL9;CCL3;VCAM1;CCL19;CXCL10;TAC1;CCL2;SELE;CRH;CXCL2;IL1B;CD96;CXCL5;FOS;CD44;SCUBE1;TACR1;CCL4;TPST1;IL1RL1;NOX1;CCL3L1;SLC11A1;RELB;CRHBP;AIF1;ELF3;NOX4;CHI3L1;OLR1;ADM
prerank,Positive Regulation Of Ossification (GO:0045778),0.4899926432933368,1.644759529838748,0.0,0.18448379534698128,1.0,9/35,9.41%,P2RX7;FZD9;CYP27B1;ADGRV1;ZBTB16;PKDCC;RXRA;BMPR1A;TMEM119
prerank,Regulation Of Bone Resorption (GO:0045124),0.5535503523998672,1.6432187659459883,0.032388663967611336,0.18534280950190563,1.0,10/23,14.87%,DCSTAMP;P2RX7;MC4R;INPP5D;SLC4A2;BGLAP;TMEM119;S1PR1;PLEKHM1;GPR137
prerank,Circulatory System Development (GO:0072359),0.3971625833416155,1.6407153811437845,0.0,0.1871167947399751,1.0,51/111,23.94%,FOXC2;PRICKLE4;FOXF1;STRA6;NOTCH1;HEY2;SALL1;FLT4;SH3PXD2B;GLI2;SMG9;TH;KAT2A;HSPG2;GJA1;TGFB1;HEG1;SLC2A12;PIK3CA;DVL1;FOXC1;TGFBR2;CRB2;TBX1;NOTCH4;DVL2;KDM6B;KDM6A;PKD1;TAFAZZIN;SLC2A10;COL3A1;NXN;ECE1;KAT2B;NCOA6;HEYL;FN1;PDLIM7;SOX9;PDLIM5;FBN1;TGFB2;PCSK5;STK11;TEK;MICAL2;ERBB3;PKD2;TSC2;TAB2
prerank,Positive Regulation Of Cell Differentiation (GO:0045597),0.3564882053254001,1.6401455426653069,0.0,0.18589173584219423,1.0,89/237,21.22%,SMYD1;CEACAM1;RANBP3L;HGF;SERPINF2;CCN4;TMEM100;ALOX15B;ZNF703;PAX8;GDF6;AGTR1;TNXB;BCL9L;ADRA2B;ASCL1;SOX5;CSF1;ZBTB16;LAMB2;TGFB1I1;ZC3H12A;ADRA2C;MMD2;PRKD1;FBXO5;TCF3;SMARCC1;PKDCC;NPNT;BMPR1A;GJA1;TGFB1;RGCC;ZHX3;REST;TMEM119;RBM4;FRZB;ASXL2;FOXC1;GPRC5B;TGFBR2;NFKB1;MSR1;LAMC1;ZNF385A;CRB2;XKR8;CEBPB;TACSTD2;KCTD11;ZFP36L1;SLC6A6;NEUROD2;LEF1;PLA2G5;WWTR1;FES;RIN2;NID1;TENT5A;ADAM8;PRKCH;ACTL6A;COL1A1;BMAL1;LAMA2;CD34;CPNE1;TCF15;FGFR1;LRG1;PHF10;TGFB3;WDFY2;HEYL;SCUBE3;SMAD4;SOX9;TGFB2;ARID1A;ARID2;WNT4;ARID1B;MTOR;GDNF;DPF3;DDR2
prerank,Sensory Organ Development (GO:0007423),0.446760800738335,1.6397769399464432,0.01953125,0.18435547060876187,1.0,24/56,20.13%,NEUROG3;MAB21L2;STRA6;PAX8;CHD7;ASCL1;MAB21L1;SIPA1L3;SOX2;SH3PXD2B;HIPK2;SMG9;FOXC1;SIX4;OLIG1;NEUROD2;SALL2;PAX6;HIPK1;ECE1;MYO7A;PBX3;TGFB2;SMOC1
prerank,Regulation Of Vascular Endothelial Growth Factor Production (GO:0010574),-0.5488667965096862,-1.6397472424899824,0.019230769230769232,0.2173098499896835,1.0,8/23,10.62%,PTGS2;IL1B;NOX1;NODAL;SULF1;CYP1B1;IL6;SARS1
prerank,Cytokine-Mediated Signaling Pathway (GO:0019221),-0.3734369027006539,-1.638208446838483,0.0,0.21635746125193978,1.0,29/183,7.59%,CCL4L1;CXCL11;EGR1;CXCL9;CCL3;CSF3;CCL19;CXCL10;CCL2;CXCL2;FLT3;IL1B;CXCL5;CCL4;IL7;TMSB4X;IL5RA;IL1RL1;STAT4;GREM2;CCL3L1;STAT1;PLCB1;SOCS1;IL12A;IL21R;DUOX2;JAK3;CCL5
prerank,Regulation Of Lipid Biosynthetic Process (GO:0046890),0.5295408183641737,1.6373959231856026,0.015810276679841896,0.18615762471773856,1.0,7/25,6.01%,CEACAM1;PCK1;GPER1;ZBTB20;SIRT4;HSD17B13;PPARA
prerank,Ventricular Cardiac Muscle Tissue Morphogenesis (GO:0055010),0.5224128526197745,1.6364169927097325,0.012,0.18559708454358453,1.0,14/27,20.30%,MYH6;NOTCH1;DLL4;NOG;SMAD7;BMPR1A;TGFB1;TNNT2;RYR2;MYH7;SMAD4;DSP;TGFB2;ENG
prerank,Lipid Translocation (GO:0034204),0.5608415373104,1.6358731991013085,0.03292181069958848,0.1846200040887253,1.0,13/21,27.72%,ABCA7;ATP11A;ATP10D;ATP11C;ATP8B2;ABCA4;ABCB1;ATP8B3;ATP11B;ATP10A;SLC52A1;ABCC1;ATP8B4
prerank,Positive Regulation Of Nervous System Process (GO:0031646),-0.5664709834451439,-1.634151651089897,0.024096385542168676,0.22060029590798982,1.0,1/18,0.01%,EGR2
prerank,Hydrogen Peroxide Catabolic Process (GO:0042744),-0.6189156478871984,-1.6339568514713136,0.031007751937984496,0.21788145698248768,1.0,7/15,12.59%,MPO;HBA1;GPX3;HBB;HBZ;PRDX4;PRDX2
prerank,Ribosomal Large Subunit Biogenesis (GO:0042273),-0.47531007661135827,-1.6330133088564196,0.008032128514056224,0.21664977434627297,1.0,24/40,30.81%,MRTO4;TMA16;RSL24D1;NLE1;RPL5;NPM1;ZNF622;CINP;RPL11;WDR74;EIF6;MRPL20;MAK16;NSA2;SURF6;SDAD1;RPF2;PPAN;RPL7;RPL35A;RPL10;MALSU1;RPL26;PES1
prerank,Vesicle Coating (GO:0006901),-0.5221643175009434,-1.6273184212050913,0.019305019305019305,0.22290887700005657,1.0,17/28,31.11%,TRAPPC2L;TRAPPC6A;TRAPPC2B;TRAPPC6B;TRAPPC4;AP3M2;PDCD6;TRAPPC1;TRAPPC13;AP3S1;PEF1;PPP6C;TRAPPC9;TRAPPC5;TMED2;TRAPPC11;KLHL12
prerank,Establishment Or Maintenance Of Apical/Basal Cell Polarity (GO:0035088),0.5275537271269443,1.6256063544281831,0.031496062992125984,0.19833958015305764,1.0,12/25,19.42%,FOXJ1;SCRIB;CRB1;LLGL2;PARD6G;PARD3;CRB2;MARK2;DLG5;LLGL1;PARD3B;ERBIN
prerank,Establishment Of Protein Localization To Mitochondrion (GO:0072655),-0.4715615815307343,-1.6247635917493706,0.024,0.22378424376099812,1.0,29/42,34.78%,TOMM20;TIMM23B;TIMM17A;TOMM70;FIS1;TOMM20L;TIMM10;ROMO1;FBXO7;TOMM22;TIMM17B;TIMM13;PINK1;TIMM8B;TOMM7;HK1;DNAJC19;TIMM23;GRPEL2;MFN2;TOMM40L;DNLZ;TIMM9;TIMM50;GRPEL1;RALA;TOMM5;DNAJC15;MFF
prerank,Cardiac Muscle Cell Development (GO:0055013),0.5617643757377395,1.622183032025506,0.020491803278688523,0.20215785118595256,1.0,6/19,5.35%,MYH6;PDGFRB;PDGFRA;TCAP;MYH11;HEY2
prerank,COPII Vesicle Coating (GO:0048208),-0.5676471119282087,-1.6218399071947467,0.03474903474903475,0.2226551960316307,1.0,12/19,31.11%,TRAPPC2L;TRAPPC6A;TRAPPC2B;TRAPPC4;PDCD6;TRAPPC1;PEF1;PPP6C;TRAPPC5;TMED2;TRAPPC11;KLHL12
prerank,"Vesicle Targeting, Rough ER To cis-Golgi (GO:0048207)",-0.5676471119282087,-1.6218399071947467,0.03474903474903475,0.2226551960316307,1.0,12/19,31.11%,TRAPPC2L;TRAPPC6A;TRAPPC2B;TRAPPC4;PDCD6;TRAPPC1;PEF1;PPP6C;TRAPPC5;TMED2;TRAPPC11;KLHL12
prerank,Negative Regulation Of Cellular Metabolic Process (GO:0031324),0.4640373545544696,1.6212233776797509,0.004310344827586207,0.2018401118793958,1.0,14/40,17.86%,FLCN;AMH;GIT1;CBFA2T3;PPARA;PLIN5;FBXO5;HDAC4;ACTN3;RBL1;TBX2;MAP3K3;SIRT1;CDK6
prerank,Endocardial Cushion Development (GO:0003197),0.5783490877820422,1.6209786783039166,0.003875968992248062,0.20015194073088138,1.0,13/18,23.00%,FOXF1;NOTCH1;NOG;BMPR1A;APC;TBX2;HEYL;SOX9;TGFB2;CRELD1;ENG;NOS3;MDM4
prerank,Epithelial To Mesenchymal Transition (GO:0001837),0.47293725895275485,1.620382938880513,0.004016064257028112,0.1990252626737036,1.0,19/42,20.16%,HGF;SNAI2;S100A4;TBX3;NOTCH1;HEY2;ROCK1;NOG;TGFB1;FOXF2;NOTCH4;DLG5;LEF1;FGFR1;HEYL;SMAD4;SOX9;TGFB2;WNT4
prerank,Nuclear Migration (GO:0007097),0.6175979506479206,1.6180584730001066,0.01556420233463035,0.20099758509659613,1.0,4/15,4.42%,SYNE3;CLMN;SYNE2;SUN2
prerank,Nuclear Export (GO:0051168),-0.4840384820258833,-1.6162342594306383,0.017467248908296942,0.22871250913425212,1.0,1/34,0.01%,EGR2
prerank,T Cell Mediated Immunity (GO:0002456),-0.6116520462687012,-1.6158316326408437,0.01680672268907563,0.22650911972428753,1.0,5/16,8.27%,MYO1G;CR2;CRTAM;PRF1;HLA-A
prerank,Protein Sumoylation (GO:0016925),-0.46533560003752056,-1.611188454743875,0.02631578947368421,0.23053259872647947,1.0,1/39,0.01%,EGR2
prerank,Vesicle Transport Along Microtubule (GO:0047496),0.5519079846286538,1.6079687674344614,0.01532567049808429,0.21693082018987284,1.0,8/21,11.15%,KIF5A;FYCO1;KIF1C;KIF5B;KIF13A;KIF1A;NDE1;BICDL1
prerank,Mitotic Spindle Assembly Checkpoint Signaling (GO:0007094),-0.5359797371367689,-1.6055458678326915,0.024291497975708502,0.231258045753285,1.0,13/23,26.25%,BUB1;SPC24;NUF2;ZWINT;MAD2L1;ZWILCH;KNTC1;SPC25;IK;BUB1B;MAD1L1;CENPF;MAD2L2
prerank,Spindle Assembly Checkpoint Signaling (GO:0071173),-0.5359797371367689,-1.6055458678326915,0.024291497975708502,0.231258045753285,1.0,13/23,26.25%,BUB1;SPC24;NUF2;ZWINT;MAD2L1;ZWILCH;KNTC1;SPC25;IK;BUB1B;MAD1L1;CENPF;MAD2L2
prerank,Mitotic Spindle Checkpoint Signaling (GO:0071174),-0.5359797371367689,-1.6055458678326915,0.024291497975708502,0.231258045753285,1.0,13/23,26.25%,BUB1;SPC24;NUF2;ZWINT;MAD2L1;ZWILCH;KNTC1;SPC25;IK;BUB1B;MAD1L1;CENPF;MAD2L2
prerank,Kidney Development (GO:0001822),0.4347113717163143,1.6036773180904733,0.01171875,0.2225504219627133,1.0,25/54,25.03%,ITGA8;KANK2;PRKX;STRA6;PAX8;GDF6;AGTR1;SALL1;FGF10;ZBTB16;MME;GLI2;FOXC1;NIPBL;PKD1;SIX1;TGFB2;WNT4;PCSK5;GDNF;WFS1;HAS2;VEGFA;HYAL2;PAX2
prerank,Regulation Of Presynapse Assembly (GO:1905606),0.5824570934728035,1.6034864187279627,0.0199203187250996,0.21837195262189513,1.0,5/15,11.45%,MDGA1;WNT7A;LRFN4;LRRC4B;SLITRK2
prerank,Regulation Of Presynapse Organization (GO:0099174),0.5824570934728035,1.6034864187279627,0.0199203187250996,0.21837195262189513,1.0,5/15,11.45%,MDGA1;WNT7A;LRFN4;LRRC4B;SLITRK2
prerank,Steroid Metabolic Process (GO:0008202),0.4234968048122966,1.6030145740252122,0.004,0.21690694253417983,1.0,19/65,15.07%,PRLR;HSD11B2;CEL;CYP3A4;CYP27B1;CYP39A1;AKR1C2;CYP19A1;HSD11B1;CYP1A1;AKR1C3;CYP26A1;CYP2D7;LSS;PIAS4;DHRS9;HSD17B1;NPC1;AKR1C1
prerank,Positive Regulation Of Translation (GO:0045727),-0.3988118764655523,-1.6023302369902443,0.008,0.2340341628442747,1.0,37/91,27.09%,RBM3;CIRBP;PRR16;POLR2G;PYM1;CCL5;JMJD4;IL6;CDC123;MPV17L2;COA3;EIF4A3;KHDRBS1;LARP1B;RPL5;RMND1;NPM1;YTHDF1;DHX36;PKM;RPUSD4;FASTKD2;CNBP;TRMT10C;EIF6;RPS4X;PIWIL2;MRPS27;TRUB2;EIF3D;GUF1;NGRN;LARP4B;YTHDF2;UPF3B;NAT10;CSDE1
prerank,Antigen Processing And Presentation Of Peptide Antigen Via MHC Class II (GO:0002495),-0.5221940882568065,-1.599672881535241,0.030534351145038167,0.23557522674913348,1.0,8/24,10.64%,HLA-DRB4;HLA-DRB5;HLA-DRB3;HLA-DRB1;IFI30;CTSV;FCER1G;HLA-DQA1
prerank,Myoblast Fusion (GO:0007520),0.6004815722807304,1.5984797106478614,0.029914529914529916,0.2228853247830871,1.0,6/15,10.32%,ERVW-1;ITGB1;DOCK1;DOCK5;DOCK2;CACNA1H
prerank,Cellular Response To Lipopolysaccharide (GO:0071222),-0.3924782911685286,-1.5983921354048578,0.0038022813688212928,0.23501282541201865,1.0,27/88,20.09%,CXCL11;CXCL9;CCL3;CXCL10;CCL2;CXCL2;IL1B;CXCL5;PDCD1LG2;HMGB2;NOD2;CCL5;IL6;PRKCE;TNF;SERPINE1;EHHADH;CD6;MEF2C;HMGB1;PPM1E;LY96;LILRB2;HCK;CXCL8;CXCL1;PLAA
prerank,Release Of Cytochrome C From Mitochondria (GO:0001836),-0.5583318546081247,-1.5965409781333377,0.03076923076923077,0.23512452800317404,1.0,6/19,10.55%,SFN;BCL2A1;FIS1;GGCT;SOD2;DNM1L
prerank,tRNA Processing (GO:0008033),-0.45837863408304585,-1.5955408285958952,0.016,0.2342238212373027,1.0,28/43,34.97%,METTL1;SARS1;TRUB1;RTRAF;KTI12;ZBTB8OS;METTL2B;ELAC1;TRMT10C;DTWD2;ELAC2;DDX1;METTL6;FAM98B;FARS2;PTCD1;TRMT9B;DTWD1;RTCB;KARS1;SSB;FTSJ1;TRPT1;NSUN2;ADAT1;NSUN6;LCMT2;ANKRD16
prerank,Protein Deacetylation (GO:0006476),0.47136679977092244,1.5937114058127362,0.01107011070110701,0.22892402265074444,1.0,13/36,20.09%,SIRT4;FLNA;HDAC4;SIRT7;MIER2;HDAC10;HDAC5;SIRT1;HDAC6;HDAC1;MBD3;TBL1X;MTA1
prerank,Positive Regulation Of Nitric Oxide Biosynthetic Process (GO:0045429),-0.5306731998218457,-1.5936621837845522,0.0425531914893617,0.23490964940914089,1.0,4/23,3.40%,PTGS2;IL1B;ASS1;HBB
prerank,Negative Regulation Of Lipid Biosynthetic Process (GO:0051055),0.5476932204912844,1.5926457465295136,0.03383458646616541,0.22857906597197652,1.0,10/22,21.13%,CEACAM1;GPER1;NR0B1;AKR1C3;SIK1;WDTC1;UBR4;SIRT1;WNT4;ACADVL
prerank,Positive Regulation Of Nitric Oxide Metabolic Process (GO:1904407),-0.5221407821614528,-1.5903980636383683,0.04680851063829787,0.23807697052476978,1.0,4/24,3.40%,PTGS2;IL1B;ASS1;HBB
prerank,Cardiac Muscle Tissue Development (GO:0048738),0.4679250093310112,1.5886123769260134,0.01293103448275862,0.23356168134227012,1.0,19/39,18.66%,MYOCD;MSX1;TCAP;NOTCH2;SGCZ;MYL7;NOTCH1;HEY2;BMPR1A;GJA1;SIK1;SGCD;MAML1;KDM6B;TTN;TBX2;TAFAZZIN;GREM1;SMAD4
prerank,Endocardial Cushion Morphogenesis (GO:0003203),0.5771261346653946,1.587459833606384,0.007434944237918215,0.23358657634826682,1.0,12/16,23.00%,NOTCH1;NOG;BMPR1A;APC;TGFBR2;TBX2;HEYL;SOX9;TGFB2;ENG;NOS3;MDM4
prerank,Regulation Of Endothelial Cell Migration (GO:0010594),0.4111302859763052,1.5869096580907247,0.004016064257028112,0.23242236198402533,1.0,30/76,23.68%,CEACAM1;FOXC2;SASH1;EPHA2;ANXA3;DLL4;FLT4;ZC3H12A;PRKD1;ADGRB1;DCN;NR2F2;EGF;RHOJ;BCAR1;RIN2;PIK3CG;PRCP;PRKD2;ABL1;ZNF580;GLUL;GRN;ATOH8;ETS1;VEGFA;TEK;SMOC2;DAB2IP;ANGPT4
prerank,Branched-Chain Amino Acid Catabolic Process (GO:0009083),-0.5757109150232029,-1.5847424670067503,0.03225806451612903,0.24628449665497465,1.0,12/17,30.16%,HMGCLL1;HMGCL;DLD;ACAT1;BCKDK;BCKDHB;ECHS1;MCCC2;SLC25A44;BCKDHA;HSD17B10;IVD
prerank,Positive Regulation Of Wound Healing (GO:0090303),0.47456230713550007,1.583163630879714,0.016,0.23676834176632935,1.0,10/34,12.34%,FOXC2;FERMT1;OCLN;ITGB1;CLDN1;HPSE;EMILIN2;RREB1;INSL3;KANK1
prerank,Fatty Acid Beta-Oxidation (GO:0006635),-0.44205769269650624,-1.5824137430666354,0.01953125,0.24798886798430186,1.0,24/46,30.16%,MCAT;ETFB;DECR2;ACOX1;AUH;SLC25A17;EHHADH;ECHDC1;ACAT1;AMACR;CPT2;ACAT2;CROT;ACADS;ETFA;ECHS1;DECR1;ABCD2;ACADL;ECI2;HADHA;ACOX3;HSD17B10;IVD
prerank,Establishment Of Epithelial Cell Polarity (GO:0090162),0.5368380798222002,1.5803281395572175,0.036,0.23961770886962688,1.0,8/17,14.55%,FERMT1;SIPA1;SIPA1L3;PARD3;SYNE4;EZR;OPHN1;FBF1
prerank,Organelle Fission (GO:0048285),-0.5567069936365531,-1.5800863832500458,0.036885245901639344,0.249281694119006,1.0,7/19,14.96%,PEX11G;MTFR2;FIS1;PRKN;SLC25A46;DNM1L;OPA1
prerank,Neurogenesis (GO:0022008),0.4557126827417215,1.5788883356786512,0.019230769230769232,0.23993764113071842,1.0,18/44,24.06%,CXCR4;EGFR;WNT2;ASCL1;DCHS1;ERCC6;SIX4;FAT4;SIX1;CHAC1;BTBD6;CDK6;BTBD2;TGFB2;EPHB1;CIT;ERBB3;TRAK1
prerank,Cardiac Epithelial To Mesenchymal Transition (GO:0060317),0.5733606447105406,1.5770752926686389,0.02734375,0.24070194849863663,1.0,9/17,22.51%,SNAI2;TBX3;NOTCH1;HEY2;SPRY1;HEYL;TGFB2;ENG;HAS2
prerank,Regulation Of Rho Protein Signal Transduction (GO:0035023),0.4286261664034568,1.5769287133391865,0.0,0.23881644064594557,1.0,21/58,20.22%,GPR20;FLCN;KANK2;STARD8;GPR4;HEG1;MCF2L;F2RL3;MYO9B;RTN4R;OPHN1;KANK1;ADGRG1;EPS8;GPR35;COL3A1;ARRB1;ABL1;ARHGEF28;RAF1;STARD13
prerank,Hippo Signaling (GO:0035329),0.5801362225344927,1.5727576802210745,0.020833333333333332,0.2444812384495771,1.0,8/16,17.97%,TEAD2;LATS2;DCHS1;TEAD1;FAT4;WWTR1;MOB1A;TEAD3
prerank,Visual System Development (GO:0150063),0.4788812439823163,1.5721508627864316,0.008368200836820083,0.24347224575929244,1.0,15/35,20.13%,MAB21L2;MAB21L1;SIPA1L3;SOX2;SH3PXD2B;HIPK2;SMG9;FOXC1;ITGAM;SALL2;PAX6;HIPK1;PBX3;TGFB2;SMOC1
prerank,Positive Regulation Of Rho Protein Signal Transduction (GO:0035025),0.5122191787553902,1.5702971433901491,0.02702702702702703,0.2453246870125195,1.0,9/24,16.28%,GPR20;GPR4;MCF2L;F2RL3;RTN4R;ADGRG1;GPR35;COL3A1;ARRB1
prerank,Positive Regulation Of Morphogenesis Of An Epithelium (GO:1905332),0.5169908117903117,1.5671577554361935,0.04918032786885246,0.24933803294419946,1.0,13/21,22.69%,LBX2;PAX8;ITGAX;NOG;SMO;GJA1;SIX4;EGF;SIX1;SOX8;SOX9;GDNF;VEGFA
